<?xml version="1.0" encoding="UTF-8"?>
<project-private xmlns="http://www.netbeans.org/ns/project-private/1">
    <editor-bookmarks xmlns="http://www.netbeans.org/ns/editor-bookmarks/2" lastBookmarkId="0"/>
    <open-files xmlns="http://www.netbeans.org/ns/projectui-open-files/2">
        <group>
            <file>file:/C:/Users/Usuario/Documents/NetBeansProjects/Proyecto_Final_AppWeb_GrupoD/web/Source%20Estilo/data.css</file>
            <file>file:/C:/Users/Usuario/Documents/NetBeansProjects/Proyecto_Final_AppWeb_GrupoD/web/Source%20Estilo/style.css</file>
            <file>file:/C:/Users/Usuario/Documents/NetBeansProjects/Proyecto_Final_AppWeb_GrupoD/web/Loginuser.xhtml</file>
            <file>file:/C:/Users/Usuario/Documents/NetBeansProjects/Proyecto_Final_AppWeb_GrupoD/web/Source%20Estilo/estilo.css</file>
            <file>file:/C:/Users/Usuario/Documents/NetBeansProjects/Proyecto_Final_AppWeb_GrupoD/web/WEB-INF/faces-config.xml</file>
            <file>file:/C:/Users/Usuario/Documents/NetBeansProjects/Proyecto_Final_AppWeb_GrupoD/web/Pag_inicio.xhtml</file>
            <file>file:/C:/Users/Usuario/Documents/NetBeansProjects/Proyecto_Final_AppWeb_GrupoD/web/Regusuario.xhtml</file>
            <file>file:/C:/Users/Usuario/Documents/NetBeansProjects/Proyecto_Final_AppWeb_GrupoD/web/WEB-INF/web.xml</file>
            <file>file:/C:/Users/Usuario/Documents/NetBeansProjects/Proyecto_Final_AppWeb_GrupoD/web/Source%20Estilo/tarjetas.css</file>
            <file>file:/C:/Users/Usuario/Documents/NetBeansProjects/Proyecto_Final_AppWeb_GrupoD/web/Source%20Estilo/estilo1.css</file>
        </group>
    </open-files>
</project-private>
