<?xml version='1.0' encoding='UTF-8'?>
<faces-config version="2.2"
              xmlns="http://xmlns.jcp.org/xml/ns/javaee"
              xmlns:xsi="http://www.w3.org/2001/XMLSchema-instance"
              xsi:schemaLocation="http://xmlns.jcp.org/xml/ns/javaee http://xmlns.jcp.org/xml/ns/javaee/web-facesconfig_2_2.xsd">
<navigation-rule>
	<from-view-id>Pag_inicio.xhtml</from-view-id>
	<navigation-case>
		<from-outcome>page1</from-outcome>
		<to-view-id>Regusuario.xhtml</to-view-id>
		<redirect />
	</navigation-case>
</navigation-rule>
</faces-config>
